region_name,region_type,period_begin,period_end,duration,total_homes_sold,total_homes_sold_yoy,average_homes_sold,average_homes_sold_yoy,total_homes_sold_with_price_drops,total_homes_sold_with_price_drops_yoy,average_homes_sold_with_price_drops,average_homes_sold_with_price_drops_yoy,percent_homes_sold_with_price_drops,percent_homes_sold_with_price_drops_yoy,median_sale_price,median_sale_price_yoy,median_sale_ppsf,median_sale_ppsf_yoy,median_days_to_close,median_days_to_close_yoy,price_drops,price_drops_yoy,percent_active_listings_with_price_drops,percent_active_listings_with_price_drops_yoy,pending_sales,pending_sales_yoy,median_pending_sqft,median_pending_sqft_yoy,off_market_in_two_weeks,off_market_in_two_weeks_yoy,off_market_in_one_week,off_market_in_one_week_yoy,percent_off_market_in_two_weeks,percent_off_market_in_two_weeks_yoy,percent_off_market_in_one_week,percent_off_market_in_one_week_yoy,total_new_listings,total_new_listings_yoy,average_new_listings,average_new_listings_yoy,median_new_listing_price,median_new_listing_price_yoy,median_new_listing_ppsf,median_new_listing_ppsf_yoy,inventory,inventory_yoy,total_active_listings,total_active_listings_yoy,active_listings,active_listings_yoy,age_of_inventory,age_of_inventory_yoy,homes_delisted,homes_delisted_yoy,percent_active_listings_delisted,percent_active_listings_delisted_yoy,median_active_list_price,median_active_list_price_yoy,median_active_list_ppsf,median_active_list_ppsf_yoy,average_of_median_list_price_amount,average_of_median_list_price_amount_yoy,average_of_median_offer_price_amount,average_of_median_offer_price_amount_yoy,avg_offer_to_list,avg_offer_to_list_yoy,average_sale_to_list_ratio,average_sale_to_list_ratio_yoy,median_days_on_market,median_days_on_market_yoy,pending_sales_to_sales_ratio,pending_sales_to_sales_ratio_yoy,months_of_supply,months_of_supply_yoy,average_pending_sales_listing_updates,average_pending_sales_listing_updates_yoy,percent_total_price_drops_of_inventory,percent_total_price_drops_of_inventory_yoy,last_updated
"New York County, NY",county,1/7/2019,2/3/2019,4 weeks,612,-0.109170306,153,-0.105263158,8,1,2,1,0.013478558,0.007395601,1086875,-0.103608247,1281.275758,-0.094383385,0,0,75,1.5,0.008437835,0.004976703,14,0,952.5,-0.007295466,1,0,0,,0.078258547,0.019925214,0.062633547,0.028109737,1188,0.006779661,297,0.006779661,1332846.2,0.063140695,1455.281239,0.025091407,8600,-0.000697188,35575,0.013215232,8893,0.013216361,135,0.8,155,3.078947368,0.017424359,0.01304921,1478240.2,-0.05476697,1488.320121,-0.04938783,,,,,,,0.999528821,0.000333907,173.1,4.4,0.091389973,0.003815379,59.02618781,7.641490374,20,0.818181818,0.035116279,0.020940123,3/10/2021 14:56
"New York County, NY",county,1/14/2019,2/10/2019,4 weeks,629,-0.075,157,-0.076470588,11,0.833333333,2,1,0.017875438,0.008935339,1198125,0.024038462,1291.51494,-0.081662822,0,0,42,0.135135135,0.004758028,0.000577973,11,-0.266666667,1154.1,0.438130841,1,0,0,,0.078258547,0.008370592,0.062633547,0.031260998,1192,-0.037156704,298,-0.035598706,1311596.2,-0.027182813,1433.588923,-0.005313072,8594,-0.007964908,35305,-0.002063429,8826,-0.002035278,136.7,0.2,105,1.333333333,0.011871883,0.006738252,1477125.2,-0.051690067,1490.446826,-0.045657303,750000,,750000,,1,,0.999248024,-0.000158861,174.3,7.1,0.07297285,-0.019656689,57.02411381,4.781174616,10,-0.285714286,0.019548522,0.002464371,3/10/2021 14:56
"New York County, NY",county,1/21/2019,2/17/2019,4 weeks,607,-0.139007092,151,-0.142045455,11,0.375,2,0,0.018108539,0.006848705,1207500,0.015772871,1298.71396,-0.07075142,0,0,40,-0.245283019,0.004626883,-0.001346872,9,-0.357142857,1263.5,0.611196123,1,0,1,,0.13034188,0.077120592,0.13034188,0.115635998,1129,-0.096076861,282,-0.096153846,1300971.2,-0.004656718,1361.868143,-0.035255916,8577,-0.014704193,35219,-0.011451989,8804,-0.011452953,137.7,-0.5,104,0.890909091,0.011803583,0.005596421,1479135.2,-0.046013915,1490.985,-0.042026653,750000,,750000,,1,,0.998716051,3.49E-05,181.2,7.2,0.059219936,-0.024564511,58.92924202,8.278516661,11,-0.388888889,0.019004314,-0.005464382,3/10/2021 14:56
"New York County, NY",county,1/28/2019,2/24/2019,4 weeks,607,-0.08030303,151,-0.084848485,11,0.1,2,0,0.018108539,0.002026516,1233125,-0.036056283,1321.120347,-0.069318968,0,0,40,0.176470588,0.004585234,0.000712897,11,-0.153846154,1185.2,0.590232121,0,,0,,0.102564103,0.073152338,0.102564103,0.08785822,1113,-0.138544892,278,-0.139318885,1292221.2,-0.071718717,1379.576477,-0.039923533,8545,-0.026765376,35112,-0.020613093,8778,-0.020531131,139.2,-0.8,101,1.404761905,0.011453758,0.006719446,1481818,-0.043988387,1492.086452,-0.039724746,750000,,750000,,1,,0.998838695,0.000758675,194.1,21.6,0.077077079,-0.008397085,58.71694043,2.425201764,13,0.181818182,0.018841428,0.003009993,3/10/2021 14:56
"New York County, NY",county,2/4/2019,3/3/2019,4 weeks,628,-0.066864785,157,-0.06547619,11,0,2,0,0.017644348,0.000393848,1295625,0.00885731,1373.061794,-0.01419497,0,0,40,-0.069767442,0.004590183,-0.000247728,11,-0.214285714,1188,0.363166954,0,,0,,0.1,0.070588235,0.1,0.085294118,1217,-0.100517369,304,-0.100591716,1245000,-0.144069765,1344.535221,-0.103567113,8565,-0.03318659,35074,-0.030837248,8768,-0.030838952,140.5,-0.5,68,0.36,0.007779551,0.002168549,1480202.7,-0.045030516,1489.528063,-0.041012356,750000,,750000,,1,,0.997925326,-0.000186614,208.8,38.3,0.077629687,-0.010823079,57.29251514,1.352231332,14,-0.066666667,0.018797431,-0.000956491,3/10/2021 14:56
"New York County, NY",county,2/11/2019,3/10/2019,4 weeks,607,-0.09538003,151,-0.095808383,8,-0.333333333,2,-0.333333333,0.013295038,-0.005433579,1283125,-0.019954172,1348.657483,-0.032712752,0,0,45,0.216216216,0.005169154,0.001067117,15,0.071428571,930.6,0.076211403,1,,1,,0.147619048,0.108145363,0.135714286,0.096240602,1256,-0.067557535,314,-0.06547619,1325000,-0.063969259,1390.999478,-0.069401845,8587,-0.041629464,35182,-0.036901177,8795,-0.036903198,141.5,0.5,68,0.658536585,0.007806388,0.003248928,1476567.7,-0.045836704,1485.885063,-0.043265118,1200000,,1170000,,0.975,,0.99833579,0.00106027,205,19.3,0.102147852,0.010524153,59.44056222,2.861219778,16,0.230769231,0.021194829,0.004565365,3/10/2021 14:56
"New York County, NY",county,2/18/2019,3/17/2019,4 weeks,616,-0.034482759,154,-0.031446541,11,0,2,0,0.018125734,-0.000145589,1308750,-0.028142181,1375.63522,-0.038191775,0,0,46,1.421052632,0.005289338,0.00322592,18,0.2,852.5,-0.094241394,1,0,1,0,0.092063492,-0.0051025,0.066269841,-0.011665381,1341,-0.017582418,335,-0.017595308,1334375,-0.064779004,1410.607795,-0.063954862,8621,-0.050864252,35348,-0.043381776,8837,-0.043304103,142.2,0.7,70,1.1875,0.007971014,0.004460425,1474557.7,-0.043271565,1482.575575,-0.045282854,1200000,,1170000,,0.975,,0.997980261,0.000695686,202.1,17.6,0.121263605,0.022873816,58.80969637,-1.251326297,16,0.6,0.021691219,0.01332394,3/10/2021 14:56
"New York County, NY",county,2/25/2019,3/24/2019,4 weeks,657,-0.025222552,164,-0.023809524,8,-0.2,2,0,0.012173353,-0.002988791,1320625,0.031317214,1438.434146,0.009881582,0,0,47,1.611111111,0.005312979,0.003289988,17,0.307692308,998.2,0.028436019,2,1,1,0,0.127777778,0.007884513,0.084126984,-0.016535511,1448,0.053857351,362,0.055393586,1358125,-0.023758159,1407.368934,-0.045602953,8676,-0.058900098,35582,-0.049727593,8895,-0.049781006,141,-0.2,77,2.08,0.008657506,0.005965927,1473750,-0.03990228,1480.123199,-0.045778644,1192500,,1157500,,0.970622363,,0.998100162,0.000341709,214.1,16.6,0.106507403,0.024158776,54.90401963,-1.47169047,16,0.777777778,0.021784232,0.01364886,3/10/2021 14:56
"New York County, NY",county,3/4/2019,3/31/2019,4 weeks,628,-0.064083458,157,-0.05988024,11,0.1,2,0,0.017363344,0.002162742,1317198.8,0.051190183,1430.520477,-0.00652937,0,0,48,0.333333333,0.005455534,0.001682322,17,-0.055555556,1033,0.109559613,2,1,1,0,0.155228758,0.035335494,0.096872082,-0.003790413,1401,0.108386076,350,0.107594937,1323750,-0.030167772,1406.835475,-0.035752562,8736,-0.061149919,35765,-0.056382249,8941,-0.056358839,139.5,-1.7,72,0.6,0.008143128,0.003369704,1468750,-0.039247751,1477.493552,-0.046506894,1192500,,1157500,,0.970622363,,0.998646495,0.000962386,216.3,14.2,0.112879043,0.008615998,57.16245336,0.025808489,16,-0.2,0.022321429,0.006738409,3/10/2021 14:56
"New York County, NY",county,3/11/2019,4/7/2019,4 weeks,652,0.004622496,163,0.00617284,13,0.444444444,3,0.5,0.02010611,0.00592951,1313298.8,-0.00171479,1476.462016,-0.000406879,0,0,48,-0.261538462,0.005345319,-0.001422976,25,0.136363636,1099.7,0.090431334,2,1,1,,0.11686897,0.029504945,0.070417056,0.009228245,1623,0.173535792,405,0.173913043,1387500,0.015089163,1432.171607,-0.002300032,8839,-0.056871532,36224,-0.055362871,9056,-0.055288963,134.5,-4.7,72,-0.04,0.007941736,0.000185542,1468750,-0.03322704,1477.127931,-0.044179763,1185000,,1145000,,0.966244726,,0.998015801,0.000577842,226.5,22.9,0.15700408,0.020595033,55.62354168,-4.204744663,16,-0.515151515,0.021948184,-0.006007428,3/10/2021 14:56
"New York County, NY",county,3/18/2019,4/14/2019,4 weeks,697,0.057663126,174,0.06097561,15,1.142857143,3,2,0.021141376,0.010450065,1333923.8,0.012921716,1478.455634,0.015198519,0,0,50,-0.275362319,0.005508003,-0.001609364,28,0.12,1090.5,0.017257463,2,,2,,0.122424525,0.092752808,0.081528167,0.058800894,1638,0.085487078,409,0.084880637,1387500,-0.00090009,1425.442078,-0.013006762,8943,-0.054850983,36627,-0.054201312,9156,-0.054229935,124.5,-10.2,69,-0.103896104,0.007564505,-0.000405968,1468750,-0.029233377,1474.779942,-0.042526581,1185000,,1145000,,0.966244726,,0.998656276,0.001437989,241,37.3,0.165469883,0.009881055,52.79197275,-6.629218998,16,-0.483870968,0.022587499,-0.00658181,3/10/2021 14:56
"New York County, NY",county,3/25/2019,4/21/2019,4 weeks,693,0.03742515,173,0.035928144,21,1.333333333,5,1.5,0.03034383,0.016764303,1360173.8,0.032364828,1462.529981,-0.006302243,0,0,53,-0.411111111,0.005792009,-0.003486401,31,-0.03125,965.5,-0.113813676,2,0,2,0,0.09671024,0.038483744,0.073671024,0.022388973,1536,-0.055931162,384,-0.054187192,1436250,0.013215362,1432.683132,-0.024480194,9025,-0.054280625,36921,-0.057897423,9230,-0.05787486,115.5,-10.5,62,-0.392156863,0.006713899,-0.003762275,1468932.5,-0.025085329,1472.273513,-0.041111113,,,,,,,0.998191511,0.000937217,252.5,55,0.182855357,-0.014692279,53.57245473,-5.704385969,15,-0.615384615,0.023711911,-0.014326441,3/10/2021 14:56
"New York County, NY",county,4/1/2019,4/28/2019,4 weeks,698,0.073846154,174,0.074074074,21,0.909090909,5,1.5,0.030079615,0.013433131,1354350,0.004151993,1464.192385,-0.023282606,0,0,57,-0.278481013,0.006159204,-0.001871076,32,0.032258065,989.6,-0.046628131,2,0,1,-0.5,0.065092593,-0.002749288,0.056759259,0.005477208,1644,-0.071710898,411,-0.070135747,1531250,0.085979814,1456.84585,0.017222262,9120,-0.056486654,37330,-0.057870429,9332,-0.057849571,106.5,-9.7,68,-0.298969072,0.00730374,-0.00255004,1478932.5,-0.013538156,1472.728765,-0.03620708,,,,,,,0.997254162,0.001338352,253,51.9,0.186492714,-0.010581981,53.77250053,-7.357183556,18,-0.379310345,0.025219298,-0.007679522,3/10/2021 14:56
"New York County, NY",county,4/8/2019,5/5/2019,4 weeks,748,0.106508876,187,0.106508876,21,0.5,5,0.666666667,0.029044818,0.008647446,1315428.7,0.022685092,1426.819059,-0.036547934,0,0,47,-0.096153846,0.005020373,-0.000188511,22,-0.185185185,1033.6,0.036502206,1,-0.5,1,-0.5,0.075064103,0.014166667,0.066730769,0.015448718,1527,-0.131893121,381,-0.132118451,1463625,-0.002652099,1417.983905,-0.023709973,9209,-0.062983313,37584,-0.062953452,9396,-0.062930089,100.2,-8.8,55,-0.202898551,0.005912078,-0.001034669,1481843.7,-0.010454826,1470.213382,-0.033896544,,,,,,,0.997388969,0.000891981,257.5,60.8,0.120631349,-0.045089284,50.85070357,-8.599087523,14,-0.176470588,0.020414812,-0.00085096,3/10/2021 14:56
"New York County, NY",county,4/15/2019,5/12/2019,4 weeks,743,0.091042584,185,0.088235294,16,0.066666667,4,0.333333333,0.022732688,0.00085011,1323553.7,0.048359366,1464.649114,-0.008183242,0,0,37,-0.288461538,0.003959598,-0.001218157,18,-0.357142857,993.6,0.106828562,1,-0.5,1,-0.5,0.071142534,0.010245098,0.056436652,0.0051546,1530,-0.094138544,382,-0.09478673,1484875,0.010537011,1418.871322,-0.006475903,9311,-0.066379224,37959,-0.066979648,9489,-0.067053387,98.7,-4.8,51,-0.23880597,0.005466185,-0.001205546,1485593.7,-0.007785007,1469.357349,-0.031319839,,,,,,,0.997149117,-0.001199446,250.6,47.8,0.1046957,-0.065897963,51.64636241,-8.2098704,12,-0.333333333,0.016002578,-0.004954005,3/10/2021 14:56
"New York County, NY",county,4/22/2019,5/19/2019,4 weeks,781,0.095371669,195,0.095505618,11,-0.153846154,2,-0.333333333,0.014774015,-0.003537696,1291053.7,0.049637154,1422.557582,-0.016928712,0,0,29,-0.09375,0.003059632,-9.99E-05,17,-0.37037037,987.1,0.150198089,1,,0,,0.061142534,0.043951392,0.046436652,0.038860894,1645,-0.009036145,411,-0.009638554,1424875,-0.013073593,1398.15391,-0.015290809,9447,-0.067791593,38489,-0.066707081,9622,-0.066731329,97.2,-5,49,0.113636364,0.005115348,0.00074564,1489161.2,-0.005236339,1466.424235,-0.030423732,,,,,,,0.997336865,0.000158453,240.1,40.3,0.091227763,-0.061857641,49.61907553,-8.429543624,11,0.1,0.012384884,-0.000344542,3/10/2021 14:56
"New York County, NY",county,4/29/2019,5/26/2019,4 weeks,796,0.091906722,199,0.093406593,6,-0.571428571,1,-0.666666667,0.007346172,-0.011790861,1276553.7,0.038607226,1389.860695,-0.033265258,0,0,53,1.944444444,0.005432128,0.003658229,20,-0.333333333,967.7,0.048201906,0,,0,,0.048642534,0.034487829,0.033936652,0.019781947,1450,-0.00752909,362,-0.008219178,1385812.5,-0.10094054,1387.99744,-0.062138865,9538,-0.071727494,38883,-0.06829128,9720,-0.068340842,96,-6.5,55,1.75,0.00566048,0.003718925,1488931.2,-0.00621979,1462.678766,-0.032245557,3000000,,2800000,,0.933333333,,0.997527194,-0.001084927,237.1,44.5,0.106342836,-0.059194786,49.03505836,-8.480909916,15,2.75,0.022331726,0.015129779,3/10/2021 14:56
"New York County, NY",county,5/6/2019,6/2/2019,4 weeks,778,0.061391542,194,0.06010929,5,-0.642857143,1,-0.666666667,0.006402513,-0.01257845,1306441.7,0.021374535,1400.64445,-0.018313577,0,0,63,2.315789474,0.006406467,0.004603534,23,-0.303030303,1107,0.114242577,0,,0,,0.029411765,0.007904119,0.014705882,0.000551177,1376,0.008797654,344,0.008797654,1363437.5,-0.066136268,1381.244656,-0.080689063,9600,-0.075411731,39181,-0.071320218,9795,-0.071299896,95.5,-7.2,66,2.473684211,0.006723511,0.004924222,1487270,-0.008156052,1459.399689,-0.035360328,3000000,,2800000,,0.933333333,,0.997748171,-0.001112207,231.7,41.2,0.12026035,-0.063990011,50.40701029,-7.421292167,18,5,0.02625,0.018930343,3/10/2021 14:56
"New York County, NY",county,5/13/2019,6/9/2019,4 weeks,801,0.045691906,200,0.047120419,7,-0.533333333,1,-0.666666667,0.008588802,-0.011151207,1269566.7,-0.018958946,1344.435802,-0.053602745,0,0,67,2.722222222,0.006803706,0.005074938,24,-0.47826087,1165.3,0.137766061,0,-1,0,,0.010869565,-0.016967195,0.010869565,-0.00328514,1335,0.00678733,333,0.006042296,1325312.5,-0.073205579,1404.452054,-0.071249151,9656,-0.067863693,39402,-0.067010797,9850,-0.067058155,95.7,-7,63,1.423076923,0.006447255,0.003905065,1477270,-0.017445959,1456.754227,-0.0395977,3000000,,2800000,,0.933333333,,0.998491963,0.001882004,225.3,45,0.124869119,-0.114134278,49.31619149,-5.887557003,17,4.666666667,0.027754764,0.020707752,3/10/2021 14:56
"New York County, NY",county,5/20/2019,6/16/2019,4 weeks,838,0.098296199,209,0.1,9,-0.4375,2,-0.5,0.010496281,-0.010585875,1258316.7,-0.03418256,1338.497673,-0.055379366,0,0,91,4.352941176,0.009252975,0.007576887,26,-0.365853659,1271.2,0.16773838,0,-1,0,,0.029388084,-0.024206252,0.020128824,-0.019783456,1240,0.043771044,310,0.043771044,1294062.5,-0.054563585,1405.871221,-0.06149722,9663,-0.053945565,39567,-0.049761041,9891,-0.049764627,96,-6.2,83,1.766666667,0.008414542,0.00551427,1467270,-0.024570386,1455.815072,-0.04236717,3000000,,2800000,,0.933333333,,0.997871472,0.000351201,221.8,47,0.128354842,-0.087872113,47.59554054,-7.047811315,21,4.25,0.037876436,0.031023097,3/10/2021 14:56
"New York County, NY",county,5/27/2019,6/23/2019,4 weeks,912,0.184415584,228,0.1875,16,0.230769231,4,0.333333333,0.016844503,-0.000281917,1341066.7,0.06223105,1394.678698,-0.002666362,0,0,68,3.533333333,0.006910336,0.005384454,28,-0.151515152,1291.5,0.040441473,1,0,0,,0.047680767,-0.035048907,0.026226385,-0.042821234,1263,0.000792393,315,0,1261875,0.036048792,1391.396369,-0.01316505,9663,-0.042224205,39596,-0.036570233,9899,-0.036499903,97,-4.5,78,1.516129032,0.007924974,0.004849802,1457500,-0.031065406,1453.672086,-0.044267208,759000,,729000,,0.960474308,,0.998444357,0.00180921,217.3,37,0.12342308,-0.05254127,43.85953972,-9.637533227,16,3,0.028355583,0.022111159,3/10/2021 14:56
"New York County, NY",county,6/3/2019,6/30/2019,4 weeks,1152,0.361702128,288,0.36492891,27,1.454545455,6,2,0.021735129,0.008596499,1683972,0.376075179,1515.246174,0.081446179,0,0,68,-0.2,0.006928232,-0.001550079,45,0.363636364,1267.5,0.07771448,2,1,1,0,0.058791878,-0.031290738,0.031781941,-0.044618619,1103,-0.034995626,275,-0.035087719,1242000,-0.033932912,1389.057355,-0.027896587,9591,-0.027084601,39473,-0.025285824,9868,-0.025286448,98.7,-2,82,-0.171717172,0.008359602,-0.001444585,1449750,-0.036217545,1450.752816,-0.046721522,759000,,729000,,0.960474308,,0.998145323,0.001593872,205,37.4,0.145781455,-0.016295499,37.01003879,-11.54201405,15,-0.423076923,0.02856845,-0.006124186,3/10/2021 14:56
"New York County, NY",county,6/10/2019,7/7/2019,4 weeks,1063,0.398684211,265,0.394736842,26,1.166666667,6,1,0.022215011,0.003812002,1718562.6,0.487530517,1538.345597,0.11837844,0,0,67,-0.220930233,0.006855733,-0.001734189,47,1.764705882,1274.1,-0.022929448,2,1,1,0,0.047922313,-0.035831189,0.020912376,-0.055488184,905,-0.070841889,226,-0.069958848,1228875,-0.010965795,1336.70156,-0.065094448,9476,-0.025403682,39028,-0.018681954,9757,-0.018607926,101.2,0.2,90,-0.042553191,0.009216401,-0.000152601,1438500,-0.041306462,1444.754732,-0.049030244,854000,,839000,,0.980237154,,0.998386893,0.001018735,199.3,36.1,0.182529332,0.09167223,44.25586751,-13.03020667,17,-0.346153846,0.028493035,-0.006989841,3/10/2021 14:56
"New York County, NY",county,6/17/2019,7/14/2019,4 weeks,997,0.208484848,249,0.208737864,28,1,7,1.333333333,0.026331193,0.00697062,1624062.6,0.392177959,1507.807887,0.112008313,0,0,53,-0.369047619,0.005571524,-0.00281963,51,1.833333333,1226.7,-0.047667107,3,,1,,0.071070461,0.020650293,0.03546264,-0.007604587,842,-0.165510406,210,-0.166666667,1230750,-0.017855362,1337.860707,-0.059434239,9348,-0.034497005,38496,-0.028810737,9624,-0.028761732,104.2,2.5,86,-0.011494253,0.008982947,0.000262058,1426000,-0.049333333,1438.566136,-0.051458701,854000,,839000,,0.980237154,,0.998574637,0.001049395,187.3,27.6,0.215214499,0.124433394,47.49717101,-6.373893237,16,-0.36,0.022999572,-0.011807286,3/10/2021 14:56
"New York County, NY",county,6/24/2019,7/21/2019,4 weeks,916,0.068844807,229,0.070093458,22,0.571428571,5,0.666666667,0.021432181,0.002413248,1502562.6,0.21566878,1440.381934,0.054561568,0,0,50,-0.572649573,0.005351818,-0.006457316,52,1.166666667,1187,0.113926426,3,,1,,0.063416076,0.040897693,0.034684228,0.019518787,771,-0.191823899,192,-0.193277311,1213960.6,-0.023951276,1349.996854,-0.051878102,9195,-0.037777313,37933,-0.037770788,9483,-0.037747336,107.2,4.2,93,-0.191304348,0.009901589,-0.00168487,1416000,-0.05584264,1434.397473,-0.05314219,949000,,949000,,1,,0.998692085,0.000222321,174.8,23.8,0.241433881,0.125024479,51.00451953,-0.920438342,15,-0.571428571,0.022077216,-0.027211189,3/10/2021 14:56
"New York County, NY",county,7/1/2019,7/28/2019,4 weeks,654,-0.210144928,163,-0.212560386,14,0,3,0,0.021091139,0.00170102,1097590.6,-0.119989173,1302.578998,-0.035108357,0,0,47,0.02173913,0.005069726,0.000343637,35,0.590909091,1008.1,-0.140652971,2,,1,,0.064209726,0.056397226,0.041033435,0.033220935,750,-0.179431072,187,-0.179824561,1210085.6,0.036475889,1368.840458,-0.021251825,9069,-0.045167404,37283,-0.041370976,9320,-0.041448113,110.7,5.5,93,0.823529412,0.010015201,0.00476432,1403750,-0.063229897,1431.337905,-0.051759983,874000,,859500,,0.981852315,,0.998513461,-0.000618859,173.1,18.9,0.21984205,0.109094298,58.30354917,5.713661097,15,0.25,0.020840225,0.00136244,3/10/2021 14:56
"New York County, NY",county,7/8/2019,8/4/2019,4 weeks,710,-0.258872651,177,-0.259414226,15,0.363636364,3,0.5,0.021243764,0.009902888,1049875,-0.183411447,1270.519468,-0.073437563,0,0,55,0.25,0.006021799,0.001523025,33,0.269230769,939.3,-0.090442529,2,,1,,0.074626393,0.057554634,0.051450101,0.034378342,841,-0.15984016,210,-0.16,1215085.6,-0.011623305,1399.361268,-0.016305014,8927,-0.053541137,36811,-0.050063224,9202,-0.0500671,113.5,5.5,106,1,0.011576896,0.006080784,1402500,-0.063282685,1430.093308,-0.050987731,799000,,770000,,0.963704631,,0.996845225,-0.002702703,179.5,23.8,0.18931702,0.079989722,51.88474575,11.36701677,14,0.166666667,0.024868377,0.006208496,3/10/2021 14:56
"New York County, NY",county,7/15/2019,8/11/2019,4 weeks,708,-0.225382932,177,-0.223684211,11,0.375,2,0,0.01544691,0.006622429,1140625,-0.067495313,1334.319966,-0.030557908,0,0,49,-0.268656716,0.005491284,-0.001501498,30,0.153846154,898.7,-0.11169319,1,,0,,0.041580416,0.024508657,0.027640578,0.010568818,790,-0.092996556,197,-0.092165899,1155710.6,-0.062303773,1392.500365,-0.032011864,8785,-0.05496988,36223,-0.055462842,9055,-0.055491812,117,5.8,107,0.304878049,0.011811599,0.00320717,1402500,-0.0625,1429.29964,-0.050426891,799000,-0.482847896,770000,-0.498661361,0.963704631,-0.030397635,0.997006563,-0.002256078,182.6,25.6,0.170917567,0.055223926,51.18125738,9.15607055,12,-0.368421053,0.022652248,-0.006392502,3/10/2021 14:56
"New York County, NY",county,7/22/2019,8/18/2019,4 weeks,718,-0.199554069,179,-0.200892857,14,1,3,2,0.019267371,0.011431405,1165625,-0.031671859,1362.224377,-0.010332124,0,0,43,0.34375,0.004817904,0.001353489,24,0.090909091,884.7,-0.185734008,1,,0,,0.042305755,0.033046495,0.033685065,0.024425806,738,-0.10653753,184,-0.106796117,1077875,-0.116043055,1348.794903,-0.061196038,8661,-0.060221354,35621,-0.057944568,8905,-0.057971014,120.5,5.5,93,0.660714286,0.010483424,0.004557284,1400000,-0.061976549,1427.505775,-0.050577768,799000,-0.482847896,770000,-0.498661361,0.963704631,-0.030397635,0.996537966,-0.002700451,179.8,21.8,0.134375638,0.033340835,49.69735208,7.465590387,12,0.333333333,0.019859139,0.005644729,3/10/2021 14:56
"New York County, NY",county,7/29/2019,8/25/2019,4 weeks,716,-0.14863258,179,-0.147619048,13,1.166666667,3,2,0.01791951,0.010466041,1210625,0.037301468,1371.038686,0.004607805,0,0,41,0.28125,0.00473515,0.001340336,22,0.157894737,859,-0.154277838,1,,1,,0.068862531,0.059603272,0.060241841,0.050982582,746,-0.049681529,186,-0.051020408,1065375,-0.182837967,1316.235438,-0.087470108,8550,-0.064449064,35157,-0.061503964,8789,-0.061505606,123.5,4.8,94,0.773584906,0.01067424,0.005042517,1400000,-0.061976549,1425.391698,-0.053408906,,,,,,,0.995746108,-0.002589006,188.5,28.2,0.123286049,0.030768178,49.18135531,4.053658283,11,0.1,0.019532164,0.005526255,3/10/2021 14:56
"New York County, NY",county,8/5/2019,9/1/2019,4 weeks,760,-0.068627451,190,-0.068627451,18,1.571428571,4,3,0.022648188,0.013910805,1240000,0.075137548,1377.060592,0.0047642,0,0,33,0.1,0.003820727,0.000547885,25,0.470588235,900,-0.091551428,1,,1,,0.072334753,0.072334753,0.063714064,0.063714064,699,0,174,0,1037250,-0.202115385,1290.02895,-0.104161455,8399,-0.071728559,34728,-0.063152499,8682,-0.063127226,126.5,4,116,1.230769231,0.013466132,0.007823589,1400000,-0.061976549,1424.656647,-0.055196834,,,,,,,0.996221224,-0.001783702,189.8,28,0.130142025,0.044818922,46.30526127,0.477128198,11,0.1,0.015835218,0.002241054,3/10/2021 14:56
"New York County, NY",county,8/12/2019,9/8/2019,4 weeks,721,-0.070876289,180,-0.072164948,22,1.2,5,1.5,0.030719585,0.017104186,1198128,-0.016590432,1304.492248,-0.034395338,0,0,36,2.272727273,0.004194967,0.002926956,21,0.615384615,943.5,-0.081751825,1,,1,,0.08038073,0.03038073,0.08038073,0.03038073,1013,0.023232323,253,0.024291498,1115375,-0.155818354,1306.022883,-0.069257458,8265,-0.088150927,34389,-0.069511337,8597,-0.06948804,128,2.3,173,6.208333333,0.020257977,0.017629448,1400000,-0.061504944,1424.925444,-0.054332131,,,,,,,0.996046605,-0.001913589,187,20.7,0.116120921,0.04939398,49.52854372,1.298194841,11,4.5,0.017422868,0.012237519,3/10/2021 14:56
"New York County, NY",county,8/19/2019,9/15/2019,4 weeks,750,0.017639077,187,0.016304348,19,0.461538462,4,0.333333333,0.026399406,0.008291697,1191878,0.014285875,1291.783915,-0.029032637,0,0,50,2.125,0.005941365,0.004230112,20,0.666666667,1012.5,0.016974689,1,,1,,0.069017094,-0.000213675,0.069017094,-0.000213675,1315,0.051159073,328,0.051282051,1235000,-0.123725055,1334.608104,-0.070200511,8120,-0.110039456,34115,-0.082264009,8528,-0.082320026,127.7,0,248,8.538461538,0.029247118,0.026400575,1398750,-0.060768843,1421.810742,-0.055335477,,,,,,,0.996519164,-0.001280564,196.7,28.4,0.105369015,0.039956419,47.68292336,-3.21821177,9,3.5,0.024876847,0.01786238,3/10/2021 14:56
"New York County, NY",county,8/26/2019,9/22/2019,4 weeks,773,0.063273728,193,0.066298343,17,0.0625,4,0,0.023210373,0.000293591,1156878,-0.010581142,1296.369838,-0.027417149,0,0,57,-0.136363636,0.006790282,-0.000143181,21,0.909090909,1011.1,0.121450754,0,,0,,0.030555556,-0.038675214,0.030555556,-0.038675214,1490,0.021947874,372,0.021978022,1303750,-0.033364226,1365.850652,-0.02658801,7996,-0.127740809,33683,-0.103841856,8420,-0.103873989,126.7,-2,264,2.473684211,0.03136865,0.023338799,1392500,-0.061815732,1413.642305,-0.058895504,,,,,,,0.997759544,-0.000217267,193.6,23.6,0.108262233,0.046312887,45.70469825,-6.658323183,8,-0.111111111,0.028514257,-0.000393783,3/10/2021 14:56
"New York County, NY",county,9/2/2019,9/29/2019,4 weeks,767,0.066759388,191,0.067039106,10,-0.411764706,2,-0.5,0.015497179,-0.00871721,1138128,-0.037930685,1312.507208,-0.022082393,0,0,68,-0.180722892,0.008171801,-0.000524789,15,0.5,1034.6,0.178896992,0,-1,0,,0.016666667,-0.088278388,0.016666667,-0.052564103,1628,-0.010935601,407,-0.00973236,1380688.5,-0.013793929,1420.498343,-0.010825494,7965,-0.137613686,33287,-0.121575975,8321,-0.121608783,125,-2.5,226,1.658823529,0.026938657,0.017960548,1380000,-0.067407073,1404.609689,-0.06264895,,,,,,,0.997642527,-0.000602078,191.2,15.7,0.082075588,0.024148261,45.51267291,-7.63369871,9,-0.181818182,0.034149404,-0.001796893,3/10/2021 14:56
"New York County, NY",county,9/9/2019,10/6/2019,4 weeks,805,0.10123119,201,0.104395604,7,-0.461538462,1,-0.666666667,0.008913774,-0.009426533,1089250,-0.052207962,1298.094337,-0.047010967,0,0,68,-0.284210526,0.008295007,-0.001733613,14,0,1048.5,0.219753374,0,-1,0,-1,0,-0.090659341,0,-0.054945055,1566,0.018205462,391,0.018229167,1497813.5,0.013765715,1502.983845,0.004068141,7976,-0.138474833,33119,-0.129775606,8279,-0.129808703,123,-3.5,170,0.650485437,0.020384042,0.009595394,1378750,-0.067635906,1398.344303,-0.066403029,,,,,,,0.998176759,-0.00082905,192.7,16.5,0.071201113,-0.007879158,41.61631354,-10.87694138,9,-0.4,0.034478435,-0.006891191,3/10/2021 14:56
"New York County, NY",county,9/16/2019,10/13/2019,4 weeks,757,0.054317549,189,0.055865922,9,-0.1,2,0,0.012502549,-0.00171243,1095500,-0.035332966,1309.320066,-0.035282394,0,0,64,-0.311827957,0.007754852,-0.002060618,14,-0.066666667,1001,0.164901664,0,-1,0,,0.033333333,-0.038095238,0,-0.035714286,1394,-0.035961272,348,-0.03601108,1497813.5,0.018072355,1499.424339,0.001329431,8033,-0.134747953,33021,-0.133670899,8255,-0.133697135,122.2,-3.3,95,-0.030612245,0.011569582,0.001310612,1378750,-0.067948151,1395.025683,-0.068041052,,,,,,,0.997848751,-0.000385747,187,10,0.074911313,-0.011722011,44.20149973,-9.443462163,11,-0.266666667,0.031868542,-0.00852353,3/10/2021 14:56
"New York County, NY",county,9/23/2019,10/20/2019,4 weeks,714,-0.011080332,178,-0.011111111,10,0.666666667,2,1,0.014816006,0.006811052,1074250,-0.055604396,1288.699467,-0.049924385,0,0,64,0.391304348,0.007781396,0.002915744,12,-0.25,1022.7,0.173493976,0,-1,0,-1,0.033333333,-0.054761905,0,-0.052380952,1299,-0.080028329,324,-0.082152975,1506626,0.025942496,1481.680678,-0.016116335,8099,-0.134907071,33166,-0.131325301,8291,-0.131377685,121.7,-3,73,0.489795918,0.008820824,0.00361684,1383750,-0.06456809,1397.043832,-0.065805208,,,,,,,0.997181243,-0.001205667,183.2,5.6,0.071188602,-0.022602985,47.30834235,-6.075910039,13,0.625,0.031855785,0.01209505,3/10/2021 14:56
"New York County, NY",county,9/30/2019,10/27/2019,4 weeks,675,-0.031563845,168,-0.034482759,11,1.2,2,1,0.016442073,0.009313055,1036250,-0.102356093,1271.085649,-0.065231887,0,0,66,-0.014925373,0.007905245,0.000890033,14,-0.176470588,949.7,0.110111046,0,-1,0,-1,0.045833333,-0.006547619,0.0125,-0.039880952,1253,-0.093342981,313,-0.092753623,1495312.5,0.047850334,1470.035335,-0.000836915,8155,-0.135848257,33391,-0.131821846,8347,-0.131877275,120.2,-4.5,76,0.551020408,0.009166674,0.004067351,1395000,-0.055958452,1399.90318,-0.062558665,1600000,0.103448276,1550000,0,0.96875,-0.100215517,0.997848561,-0.00063594,182.3,4.5,0.085176548,-0.016432101,49.61588253,-5.724075385,13,0.181818182,0.032372777,0.003656024,3/10/2021 14:56
"New York County, NY",county,10/7/2019,11/3/2019,4 weeks,696,-0.004291845,174,0,13,1.166666667,3,2,0.018746651,0.010295188,1034375,-0.113578499,1269.183034,-0.065199215,0,0,69,0.301886792,0.008351009,0.00282002,14,-0.222222222,843,-0.013458163,0,,0,,0.045833333,0.029166667,0.0125,-0.004166667,1025,-0.187153053,256,-0.187301587,1398812.5,-0.03166459,1408.338674,-0.033331161,8160,-0.140600316,33407,-0.135966274,8351,-0.136043865,118.7,-5.3,72,0.846153846,0.008711481,0.004611048,1395000,-0.053863131,1400.906478,-0.059713404,1600000,0.103448276,1550000,0,0.96875,-0.100215517,0.997446205,-0.000119759,183.5,2.4,0.081898753,-0.020743282,48.27448577,-7.199617253,12,0.714285714,0.034191176,0.01154768,3/10/2021 14:56
"New York County, NY",county,10/14/2019,11/10/2019,4 weeks,678,-0.010218978,169,-0.011695906,11,0.571428571,2,1,0.016153772,0.005893365,971875,-0.168919225,1238.654383,-0.079558741,0,0,66,-0.266666667,0.007901632,-0.00144539,15,-0.166666667,836,-0.0456621,0,,0,,0.036309524,0.019642857,0.024404762,0.007738095,991,-0.128408091,247,-0.13028169,1360375,-0.037450337,1405.192697,-0.037456339,8161,-0.138680739,33403,-0.138898198,8350,-0.138908941,116.2,-7,75,-0.117647059,0.008982681,0.00018967,1395375,-0.053608793,1402.298117,-0.057590363,1600000,,1550000,,0.96875,,0.997696528,-0.000369527,186.2,2,0.094379403,-0.015681331,49.71873886,-7.326482044,10,-0.285714286,0.032348977,-0.005962369,3/10/2021 14:56
"New York County, NY",county,10/21/2019,11/17/2019,4 weeks,681,-0.017316017,170,-0.01734104,8,0,2,0,0.011315063,-0.000312884,987375,-0.154761202,1250.502608,-0.066404175,0,0,71,-0.252631579,0.008512601,-0.001365636,22,0,866.3,-0.025095656,1,,1,,0.056579794,0.02979408,0.037918275,0.028989704,953,-0.099243856,238,-0.098484848,1414062.5,-0.034230837,1442.94992,-0.027702875,8138,-0.137284003,33364,-0.13703378,8341,-0.136989136,113.1,-9.4,77,-0.153846154,0.009263065,-0.000168103,1396625,-0.051957256,1405.075041,-0.054479958,1600000,,1550000,,0.96875,,0.998071136,0.000416535,192.6,6.6,0.135181771,0.007481513,49.40140526,-6.789103698,9,-0.4,0.034898009,-0.005704132,3/10/2021 14:56
"New York County, NY",county,10/28/2019,11/24/2019,4 weeks,660,0.069692058,165,0.071428571,13,0.625,3,0.5,0.019490132,0.005892457,992750,-0.126772952,1230.014851,-0.053415234,0,0,64,0.015873016,0.007727217,0.001103145,27,0.35,906.1,-0.15063742,1,,0,,0.05049005,0.023704336,0.025418275,0.016489704,864,0.048543689,216,0.048543689,1451312.5,-0.008790023,1442.951997,-0.013987867,8100,-0.135169763,33243,-0.132625372,8310,-0.132658386,111.6,-11.1,81,-0.079545455,0.009775358,0.000600779,1404125,-0.047563523,1408.810556,-0.051313086,,,,,,,0.997828053,0.001381391,192.1,4.5,0.168494962,0.034859601,50.73150712,-14.26208083,10,-0.090909091,0.031728395,0.004502258,3/10/2021 14:56
"New York County, NY",county,11/4/2019,12/1/2019,4 weeks,568,-0.050167224,142,-0.046979866,12,0.5,3,0.5,0.021880035,0.007979967,1023500,-0.101742357,1249.788125,-0.045537117,0,0,49,-0.209677419,0.006004783,-0.000447255,28,0.4,1025.1,-0.066223356,1,0,1,,0.06611505,0.027424574,0.041043275,0.020209942,771,-0.016581633,192,-0.020408163,1453687.5,0.040907583,1493.663654,0.031575807,8062,-0.133304666,33001,-0.132625437,8250,-0.132583325,111.3,-12.2,76,-0.11627907,0.009208215,0.000238136,1414125,-0.040780391,1412.138584,-0.049233792,,,,,,,0.99955525,0.001322658,200.1,14.8,0.194837604,0.059364008,60.42710325,-5.617764299,13,0.083333333,0.024683701,-0.001977232,3/10/2021 14:56
"New York County, NY",county,11/11/2019,12/8/2019,4 weeks,589,-0.03125,147,-0.032894737,13,0.3,3,0.5,0.022925821,0.006109087,1099750,-0.059080182,1317.06162,-0.003704677,0,0,51,0.378378378,0.00626436,0.002335753,30,0.428571429,1045.8,-0.056648025,1,0,1,,0.058434559,0.019744083,0.03720303,0.016369696,685,-0.024216524,171,-0.022857143,1542750,0.168477621,1582.276612,0.115987256,7997,-0.134711101,32775,-0.130982368,8193,-0.130992787,112.1,-12.6,80,0.26984127,0.009829032,0.003080165,1427500,-0.031382528,1418.482426,-0.044518892,,,,,,,0.998613858,-0.002017306,205.3,21.7,0.205095818,0.065455556,58.43802697,-6.079548918,16,0.777777778,0.02575966,0.00974581,3/10/2021 14:56
"New York County, NY",county,11/18/2019,12/15/2019,4 weeks,631,0.0096,157,0.006410256,15,0.666666667,3,0.5,0.025425821,0.010173749,1140500,-0.014199759,1329.76909,0.006694285,0,0,39,0.392857143,0.004861391,0.001790901,30,0.428571429,1110.7,-0.038021826,1,,0,,0.044921045,0.023400899,0.030446273,0.018541511,613,0.066086957,153,0.06993007,1500250,0.201762291,1617.314822,0.149605109,7912,-0.136055907,32477,-0.130980413,8119,-0.131007171,113.5,-13.2,86,0.482758621,0.010695509,0.004468717,1442655,-0.021928814,1424.884501,-0.039953326,,,,,,,0.998395253,-0.003089196,209.7,26.5,0.192801514,0.059359723,55.30495735,-7.543935864,16,1,0.019969666,0.007412339,3/10/2021 14:56
"New York County, NY",county,11/25/2019,12/22/2019,4 weeks,689,-0.112113402,172,-0.113402062,9,0,2,0,0.01563511,0.003154494,1156562.5,-0.009413362,1333.662068,-0.004516678,0,0,30,0.363636364,0.003788663,0.001402343,25,0,1101.7,0.094041708,1,,0,,0.038510789,0.008926126,0.030446273,0.018541511,521,-0.092334495,130,-0.090909091,1469250,0.155627218,1608.200239,0.071291719,7797,-0.138548227,32038,-0.135043197,8009,-0.135097192,114.7,-13.5,88,0.692307692,0.011087208,0.005439579,1453905,-0.016560273,1430.290808,-0.036511892,,,,,,,0.998465847,-0.004700647,215.6,31,0.153653005,0.02071595,51.36815976,1.877766287,14,1,0.015647044,0.005813876,3/10/2021 14:56
"New York County, NY",county,12/2/2019,12/29/2019,4 weeks,683,0.002936858,170,0,8,-0.333333333,2,-0.333333333,0.013416832,-0.013210882,1205836.3,0.018657909,1426.862786,0.060167646,0,0,30,0.428571429,0.003852566,0.001589088,25,0.086956522,960.5,0.039502165,0,,0,,0.022885789,-0.015627445,0.014821273,-0.00601206,458,0.117073171,114,0.117647059,1346000,0.107579638,1493.810622,0.001336983,7680,-0.140843495,31557,-0.135211422,7889,-0.135167726,116.7,-14.5,86,0.869565217,0.01089359,0.005835012,1463905,-0.01313379,1435.164874,-0.03412672,,,,,,,0.996604331,-0.005904896,199.5,12.2,0.153597548,0.010814602,51.40986339,-14.44280992,12,1,0.016015625,0.006618601,3/10/2021 14:56
"New York County, NY",county,12/9/2019,1/5/2020,4 weeks,600,0.003344482,150,0.006711409,12,0.333333333,3,0.5,0.028526016,0.004901549,1141461.3,-0.035724351,1358.45762,-0.015084974,0,0,21,3.2,0.002721957,0.002085807,19,-0.05,864.7,-0.039222222,0,,0,,0.006756757,-0.031756477,0.006756757,-0.014076577,435,-0.037610619,108,-0.044247788,1246000,-0.03523969,1478.837007,-0.024790364,7578,-0.145852119,31063,-0.139052106,7765,-0.139135255,119.2,-14.5,82,1.928571429,0.010593014,0.007438363,1470155,-0.012249834,1438.716149,-0.032812174,,,,,,,0.993039113,-0.006909843,212,16.5,0.125466527,-0.018777458,60.83377155,-19.43225403,10,2.333333333,0.01121668,0.008624254,3/10/2021 14:56
"New York County, NY",county,12/16/2019,1/12/2020,4 weeks,569,0.027075812,142,0.028985507,10,0.111111111,2,0,0.026026016,0.00200977,1097336.3,-0.026752727,1345.941735,-0.021174436,0,0,28,-0.404255319,0.003734033,-0.001505634,13,-0.277777778,850.5,-0.023536165,0,,0,,0,-0.028897849,0,-0.020833333,593,-0.035772358,148,-0.032679739,1237250,-0.035480067,1457.279009,-0.017487649,7524,-0.141193928,30783,-0.14270198,7695,-0.142713904,122.7,-11.3,74,-0.204301075,0.0096734,-0.000673271,1473750,-0.012984404,1440.861082,-0.032151656,,,,,,,0.994935147,-0.004773693,201.8,2.6,0.101405876,-0.03941894,62.25618279,-21.31803989,12,-0.142857143,0.015284423,-0.006288457,3/10/2021 14:56
"New York County, NY",county,12/23/2019,1/19/2020,4 weeks,543,0.175324675,135,0.173913043,12,0.5,3,0.5,0.028785477,0.005199604,1113898.8,0.017840137,1335.525068,-0.013465084,0,0,40,-0.285714286,0.005277854,-0.000988073,14,0,937,0.045992409,1,,1,,0.075,0.022916667,0.075,0.038541667,813,-0.048009368,203,-0.046948357,1219750,-0.013346815,1504.907847,0.047000804,7517,-0.136473291,30744,-0.137615708,7686,-0.137567325,126.5,-8.5,70,-0.3,0.009109169,-0.00211453,1473750,-0.010740057,1443.643614,-0.030905141,579000,,,,,,0.994657438,-0.004646378,199.2,6.7,0.105658552,-0.029253047,63.4198033,-24.68720443,12,-0.294117647,0.021684183,-0.004163032,3/10/2021 14:56
"New York County, NY",county,12/30/2019,1/26/2020,4 weeks,623,0.209708738,155,0.2109375,12,1,3,2,0.026257671,0.013842705,1074000,-0.034064081,1226.538606,-0.085480194,0,0,47,-0.287878788,0.006075214,-0.001293672,13,0,952.8,-0.019853924,1,,1,,0.075,0.015972222,0.075,0.031597222,1041,-0.04757548,260,-0.047619048,1313125,0.028893242,1556.737565,0.08625419,7536,-0.13119668,30869,-0.133453106,7717,-0.133408198,129,-6,70,-0.380530973,0.009142485,-0.003523989,1473750,-0.006153587,1444.382831,-0.029409112,579000,,,,,,0.995317167,-0.003272186,219.6,37.5,0.080886055,-0.030786796,53.96296559,-21.31152421,12,-0.368421053,0.024946921,-0.005488864,3/10/2021 14:56
